Country of,Number 2019P,,,,,,,,,,,,,Number 2018R,,,,,,,,,,,,,%CH (Y-o-Y),,,,,,,,,,,,,,Country of,Receipt 2019R (Million Baht),,,,,,,,,,,,,Receipt 2018R (Million Baht),,,,,,,,,,,,,%CH (Y-o-Y),,,,,,,,,,,,
Nationality,Jan,Feb,Mar,Apr,May,Jun,Jul,Aug,Sep,Oct,Nov,Dec,Jan - Aug,Jan,Feb,Mar,Apr,May,Jun,Jul,Aug,Sep,Oct,Nov,Dec,Jan - Aug,Jan,Feb,Mar,Apr,May,Jun,Jul,Aug,Sep,Oct,Nov,Dec,Jan - Aug,,Nationality,Jan,Feb,Mar,Apr,May,Jun,Jul,Aug,Sep,Oct,Nov,Dec,Jan - Aug,Jan,Feb,Mar,Apr,May,Jun,Jul,Aug,Sep,Oct,Nov,Dec,Jan - Aug,Jan,Feb,Mar,Apr,May,Jun,Jul,Aug,Sep,Oct,Nov,Dec,Jan - Aug
East  Asia," 2,310,817 "," 2,359,560 "," 2,262,049 "," 2,186,827 "," 2,032,301 "," 2,250,544 "," 2,369,743 "," 2,561,838 ",,,,," 18,333,679 ","2,137,049","2,331,452","2,254,202","2,153,431","2,032,041","2,273,029","2,225,226","2,338,919","1,928,014","1,839,093","2,028,421","2,429,979","17,745,349",+ 8.13,+ 1.21,+ 0.35,+ 1.55,+ 0.01,- 0.99,+ 6.49,+ 9.53,- 100.00,- 100.00,- 100.00,- 100.00,+ 3.32,,East  Asia," 99,711.60 "," 100,351.53 "," 95,310.80 "," 84,339.86 "," 76,935.36 "," 83,510.46 "," 101,958.29 "," 109,769.81 ",,,,," 751,887.71 "," 89,241.43 "," 98,961.13 "," 93,150.91 "," 82,024.62 "," 76,840.55 "," 84,253.53 "," 95,868.94 "," 99,121.29 "," 80,011.27 "," 75,942.49 "," 83,006.67 "," 98,996.79 "," 719,462.40 ",+ 11.73,+ 1.40,+ 2.32,+ 2.82,+ 0.12,- 0.88,+ 6.35,+ 10.74,- 100.00,- 100.00,- 100.00,- 100.00,+ 4.51
ASEAN," 745,480 "," 788,110 "," 828,582 "," 857,164 "," 860,223 "," 968,904 "," 898,006 "," 942,776 ",,,,," 6,889,245 ","714,818","695,598","804,369","796,947","789,247","943,754","838,922","927,095","856,153","806,965","914,984","1,102,539","6,510,750",+ 4.29,+ 13.30,+ 3.01,+ 7.56,+ 8.99,+ 2.66,+ 7.04,+ 1.69,- 100.00,- 100.00,- 100.00,- 100.00,+ 5.81,,ASEAN," 22,920.73 "," 24,052.59 "," 25,369.56 "," 25,119.83 "," 25,395.74 "," 28,212.69 "," 27,629.67 "," 28,698.60 ",,,,," 207,399.41 "," 21,834.04 "," 20,911.95 "," 24,338.04 "," 22,886.34 "," 23,069.34 "," 27,036.38 "," 26,365.97 "," 28,806.11 "," 26,624.73 "," 26,032.17 "," 29,206.36 "," 34,863.85 "," 195,248.17 ",+ 4.98,+ 15.02,+ 4.24,+ 9.76,+ 10.08,+ 4.35,+ 4.79,- 0.37,- 100.00,- 100.00,- 100.00,- 100.00,+ 6.22
Brunei," 1,149 ", 973 ," 1,931 "," 1,224 ", 826 ," 1,071 "," 1,374 "," 1,095 ",,,,," 9,643 ","1,104",799,"1,595","1,044",886,961,"1,048","1,041","1,269",862,"1,176","2,475","8,478",+ 4.08,+ 21.78,+ 21.07,+ 17.24,- 6.77,+ 11.45,+ 31.11,+ 5.19,- 100.00,- 100.00,- 100.00,- 100.00,+ 13.74,,Brunei, 56.87 , 45.86 , 90.69 , 60.82 , 40.65 , 50.26 , 52.82 , 41.78 ,,,,, 439.75 , 50.45 , 36.51 , 72.89 , 48.42 , 41.09 , 44.57 , 41.36 , 41.09 , 50.09 , 42.92 , 58.55 , 123.22 , 376.38 ,+ 12.73,+ 25.61,+ 24.42,+ 25.61,- 1.07,+ 12.77,+ 27.71,+ 1.68,- 100.00,- 100.00,- 100.00,- 100.00,+ 16.84
Cambodia," 74,993 "," 67,799 "," 68,902 "," 73,594 "," 84,825 "," 64,413 "," 66,960 "," 78,513 ",,,,," 579,999 ","94,120","65,487","73,023","73,974","80,594","68,322","75,944","85,223","88,274","81,236","76,284","86,343","616,687",- 20.32,+ 3.53,- 5.64,- 0.51,+ 5.25,- 5.72,- 11.83,- 7.87,- 100.00,- 100.00,- 100.00,- 100.00,- 5.95,,Cambodia," 2,809.86 "," 2,538.10 "," 2,546.49 "," 3,038.73 "," 3,685.60 "," 2,630.18 "," 2,755.10 "," 3,222.89 ",,,,," 23,226.95 "," 3,382.98 "," 2,353.82 "," 2,624.68 "," 2,963.28 "," 3,228.48 "," 2,736.87 "," 3,186.49 "," 3,575.81 "," 3,703.83 "," 2,888.27 "," 2,712.21 "," 3,069.83 "," 24,052.41 ",- 16.94,+ 7.83,- 2.98,+ 2.55,+ 14.16,- 3.90,- 13.54,- 9.87,- 100.00,- 100.00,- 100.00,- 100.00,- 3.43
Indonesia," 54,970 "," 50,015 "," 61,340 "," 58,967 "," 46,618 "," 74,747 "," 66,677 "," 56,601 ",,,,," 469,935 ","47,416","44,465","52,253","48,404","47,973","72,712","57,178","52,732","50,798","51,138","57,736","61,904","423,133",+ 15.93,+ 12.48,+ 17.39,+ 21.82,- 2.82,+ 2.80,+ 16.61,+ 7.34,- 100.00,- 100.00,- 100.00,- 100.00,+ 11.06,,Indonesia," 1,389.68 "," 1,275.71 "," 1,576.22 "," 1,435.13 "," 1,124.23 "," 1,781.50 "," 1,848.71 "," 1,563.58 ",,,,," 11,994.76 "," 1,243.83 "," 1,166.42 "," 1,370.71 "," 1,200.70 "," 1,190.00 "," 1,803.68 "," 1,680.25 "," 1,549.60 "," 1,492.76 "," 1,374.88 "," 1,552.26 "," 1,664.33 "," 11,205.19 ",+ 11.73,+ 9.37,+ 14.99,+ 19.52,- 5.53,- 1.23,+ 10.03,+ 0.90,- 100.00,- 100.00,- 100.00,- 100.00,+ 7.05
Laos," 149,196 "," 137,264 "," 138,662 "," 145,484 "," 147,804 "," 167,931 "," 169,872 "," 165,902 ",,,,," 1,222,115 ","133,334","125,890","135,321","138,376","127,418","137,627","146,076","151,244","138,096","143,979","136,095","151,174","1,095,286",+ 11.90,+ 9.03,+ 2.47,+ 5.14,+ 16.00,+ 22.02,+ 16.29,+ 9.69,- 100.00,- 100.00,- 100.00,- 100.00,+ 11.58,,Laos," 4,499.03 "," 4,251.72 "," 4,283.37 "," 3,538.85 "," 3,632.21 "," 4,074.60 "," 5,274.87 "," 5,150.38 ",,,,," 34,705.03 "," 4,029.87 "," 3,804.90 "," 4,089.93 "," 3,254.01 "," 2,996.13 "," 3,236.17 "," 4,609.34 "," 4,772.43 "," 4,360.09 "," 4,806.02 "," 4,542.86 "," 5,046.19 "," 30,792.78 ",+ 11.64,+ 11.74,+ 4.73,+ 8.75,+ 21.23,+ 25.91,+ 14.44,+ 7.92,- 100.00,- 100.00,- 100.00,- 100.00,+ 12.71
Malaysia," 272,360 "," 324,724 "," 318,613 "," 329,013 "," 336,127 "," 349,190 "," 314,981 "," 384,245 ",,,,," 2,629,253 ","247,936","272,351","300,793","304,891","279,910","368,935","293,434","377,822","358,781","305,690","389,881","520,102","2,446,072",+ 9.85,+ 19.23,+ 5.92,+ 7.91,+ 20.08,- 5.35,+ 7.34,+ 1.70,- 100.00,- 100.00,- 100.00,- 100.00,+ 7.49,,Malaysia," 7,123.23 "," 8,580.67 "," 8,352.05 "," 8,039.54 "," 8,219.44 "," 8,538.02 "," 8,203.76 "," 9,981.46 ",,,,," 67,038.17 "," 6,409.04 "," 7,039.67 "," 7,774.31 "," 7,242.76 "," 6,649.73 "," 8,763.10 "," 7,692.97 "," 9,906.27 "," 9,407.03 "," 8,193.94 "," 10,455.06 "," 13,965.16 "," 61,477.85 ",+ 11.14,+ 21.89,+ 7.43,+ 11.00,+ 23.61,- 2.57,+ 6.64,+ 0.76,- 100.00,- 100.00,- 100.00,- 100.00,+ 9.04
Myanmar," 29,504 "," 28,815 "," 33,354 "," 37,526 "," 32,467 "," 29,616 "," 31,796 "," 27,093 ",,,,," 250,171 ","28,639","26,757","33,016","34,535","33,315","26,786","29,877","28,286","27,369","31,154","30,914","37,540","241,211",+ 3.02,+ 7.69,+ 1.02,+ 8.66,- 2.55,+ 10.57,+ 6.42,- 4.22,- 100.00,- 100.00,- 100.00,- 100.00,+ 3.71,,Myanmar," 1,155.48 "," 1,070.32 "," 1,222.35 "," 1,336.85 "," 1,148.96 "," 1,042.24 "," 1,181.75 "," 1,021.49 ",,,,," 9,179.44 "," 1,090.45 "," 1,018.79 "," 1,257.11 "," 1,202.59 "," 1,160.10 ", 932.75 ," 1,148.58 "," 1,087.41 "," 1,052.16 "," 1,483.55 "," 1,472.13 "," 1,787.65 "," 8,897.78 ",+ 5.96,+ 5.06,- 2.77,+ 11.16,- 0.96,+ 11.74,+ 2.89,- 6.06,- 100.00,- 100.00,- 100.00,- 100.00,+ 3.17
Philippines," 32,448 "," 32,225 "," 37,612 "," 46,198 "," 42,278 "," 45,207 "," 43,683 "," 44,955 ",,,,," 324,606 ","28,739","25,526","32,002","36,477","41,833","37,945","36,975","39,589","34,184","40,493","39,981","38,493","279,086",+ 12.91,+ 26.24,+ 17.53,+ 26.65,+ 1.06,+ 19.14,+ 18.14,+ 13.55,- 100.00,- 100.00,- 100.00,- 100.00,+ 16.31,,Philippines," 1,432.91 "," 1,438.63 "," 1,692.85 "," 1,741.77 "," 1,579.34 "," 1,681.89 "," 1,679.31 "," 1,708.31 ",,,,," 12,955.01 "," 1,254.41 "," 1,114.17 "," 1,396.84 "," 1,390.96 "," 1,595.19 "," 1,446.93 "," 1,443.32 "," 1,545.37 "," 1,334.38 "," 1,690.91 "," 1,669.52 "," 1,607.39 "," 11,187.19 ",+ 14.23,+ 29.12,+ 21.19,+ 25.22,- 0.99,+ 16.24,+ 16.35,+ 10.54,- 100.00,- 100.00,- 100.00,- 100.00,+ 15.80
Singapore," 74,668 "," 70,649 "," 85,402 "," 70,913 "," 77,978 "," 111,191 "," 76,652 "," 84,342 ",,,,," 651,795 ","74,741","70,815","93,737","69,967","85,264","108,478","76,166","88,576","82,108","78,840","107,676","133,499","667,744",- 0.10,- 0.23,- 8.89,+ 1.35,- 8.55,+ 2.50,+ 0.64,- 4.78,- 100.00,- 100.00,- 100.00,- 100.00,- 2.39,,Singapore," 2,675.59 "," 2,528.75 "," 3,046.63 "," 2,508.61 "," 2,754.86 "," 3,900.99 "," 2,551.65 "," 2,765.08 ",,,,," 22,732.16 "," 2,608.26 "," 2,471.25 "," 3,271.17 "," 2,407.04 "," 2,933.30 "," 3,731.93 "," 2,577.77 "," 2,982.79 "," 2,769.61 "," 3,107.79 "," 4,244.47 "," 5,241.35 "," 22,983.51 ",+ 2.58,+ 2.33,- 6.86,+ 4.22,- 6.08,+ 4.53,- 1.01,- 7.30,- 100.00,- 100.00,- 100.00,- 100.00,- 1.09
Vietnam," 56,192 "," 75,646 "," 82,766 "," 94,245 "," 91,300 "," 125,538 "," 126,011 "," 100,030 ",,,,," 751,728 ","58,789","63,508","82,629","89,279","92,054","121,988","122,224","102,582","75,274","73,573","75,241","71,009","733,053",- 4.42,+ 19.11,+ 0.17,+ 5.56,- 0.82,+ 2.91,+ 3.10,- 2.49,- 100.00,- 100.00,- 100.00,- 100.00,+ 2.55,,Vietnam," 1,778.08 "," 2,322.83 "," 2,558.91 "," 3,419.53 "," 3,210.45 "," 4,513.01 "," 4,081.70 "," 3,243.63 ",,,,," 25,128.14 "," 1,764.75 "," 1,906.42 "," 2,480.40 "," 3,176.58 "," 3,275.32 "," 4,340.38 "," 3,985.89 "," 3,345.34 "," 2,454.78 "," 2,443.89 "," 2,499.30 "," 2,358.73 "," 24,275.08 ",+ 0.76,+ 21.84,+ 3.17,+ 7.65,- 1.98,+ 3.98,+ 2.40,- 3.04,- 100.00,- 100.00,- 100.00,- 100.00,+ 3.51
China," 1,069,787 "," 1,064,806 "," 985,232 "," 898,994 "," 794,913 "," 836,742 "," 983,752 "," 1,031,675 ",,,,," 7,665,901 ","969,996","1,198,971","1,004,025","986,703","869,206","900,652","929,808","867,750","647,711","646,583","675,143","838,693","7,727,111",+ 10.29,- 11.19,- 1.87,- 8.89,- 8.55,- 7.10,+ 5.80,+ 18.89,- 100.00,- 100.00,- 100.00,- 100.00,- 0.79,,China," 54,850.89 "," 53,868.04 "," 50,005.14 "," 41,687.88 "," 36,282.47 "," 37,673.07 "," 52,619.15 "," 54,887.89 ",,,,," 381,874.53 "," 47,986.31 "," 59,235.60 "," 49,658.05 "," 44,427.44 "," 39,176.41 "," 40,581.74 "," 48,961.04 "," 45,709.97 "," 34,195.96 "," 32,647.11 "," 34,075.52 "," 42,256.52 "," 375,736.56 ",+ 14.31,- 9.06,+ 0.70,- 6.17,- 7.39,- 7.17,+ 7.47,+ 20.08,- 100.00,- 100.00,- 100.00,- 100.00,+ 1.63
Hong Kong," 60,464 "," 80,543 "," 74,295 "," 88,945 "," 84,897 "," 102,546 "," 108,027 "," 121,806 ",,,,," 721,523 ","55,505","65,824","89,466","69,357","83,137","101,241","104,629","124,837","84,182","72,333","75,832","89,406","693,996",+ 8.93,+ 22.36,- 16.96,+ 28.24,+ 2.12,+ 1.29,+ 3.25,- 2.43,- 100.00,- 100.00,- 100.00,- 100.00,+ 3.97,,Hong Kong," 2,487.17 "," 3,308.43 "," 3,079.43 "," 2,888.82 "," 2,772.51 "," 3,256.78 "," 4,585.19 "," 5,147.78 ",,,,," 27,526.11 "," 2,205.74 "," 2,615.81 "," 3,555.33 "," 2,183.35 "," 2,617.14 "," 3,187.06 "," 4,471.33 "," 5,334.92 "," 3,597.52 "," 2,778.60 "," 2,913.00 "," 3,434.43 "," 26,170.68 ",+ 12.76,+ 26.48,- 13.39,+ 32.31,+ 5.94,+ 2.19,+ 2.55,- 3.51,- 100.00,- 100.00,- 100.00,- 100.00,+ 5.18
Japan," 154,948 "," 161,839 "," 157,890 "," 149,597 "," 116,440 "," 123,665 "," 134,395 "," 198,399 ",,,,," 1,197,173 ","143,809","144,884","144,482","119,053","109,084","118,508","128,145","181,550","141,741","122,035","148,816","153,994","1,089,515",+ 7.75,+ 11.70,+ 9.28,+ 25.66,+ 6.74,+ 4.35,+ 4.88,+ 9.28,- 100.00,- 100.00,- 100.00,- 100.00,+ 9.88,,Japan," 7,557.35 "," 7,702.43 "," 7,462.42 "," 7,438.48 "," 5,790.35 "," 6,154.31 "," 6,520.34 "," 9,608.94 ",,,,," 58,234.62 "," 6,476.21 "," 6,524.62 "," 6,506.52 "," 5,772.03 "," 5,288.70 "," 5,745.60 "," 6,217.57 "," 8,805.00 "," 6,864.98 "," 6,432.35 "," 7,858.23 "," 8,125.78 "," 51,336.25 ",+ 16.69,+ 18.05,+ 14.69,+ 28.87,+ 9.49,+ 7.11,+ 4.87,+ 9.13,- 100.00,- 100.00,- 100.00,- 100.00,+ 13.44
Korea," 208,158 "," 184,406 "," 144,524 "," 118,145 "," 111,911 "," 140,243 "," 166,107 "," 180,418 ",,,,," 1,253,912 ","197,620","159,983","143,644","115,859","122,680","141,555","153,524","164,137","135,484","132,018","154,562","175,360","1,199,002",+ 5.33,+ 15.27,+ 0.61,+ 1.97,- 8.78,- 0.93,+ 8.20,+ 9.92,- 100.00,- 100.00,- 100.00,- 100.00,+ 4.58,,Korea," 8,623.67 "," 7,743.47 "," 6,077.22 "," 3,910.47 "," 3,797.28 "," 4,761.28 "," 7,079.42 "," 7,590.00 ",,,,," 49,582.81 "," 8,184.32 "," 6,625.61 "," 5,948.94 "," 3,884.51 "," 4,113.21 "," 4,746.05 "," 6,557.14 "," 7,009.05 "," 5,784.55 "," 5,254.73 "," 6,152.06 "," 6,979.88 "," 47,068.83 ",+ 5.37,+ 16.87,+ 2.16,+ 0.67,- 7.68,+ 0.32,+ 7.97,+ 8.29,- 100.00,- 100.00,- 100.00,- 100.00,+ 5.34
Taiwan," 63,097 "," 72,006 "," 63,701 "," 65,691 "," 56,268 "," 69,845 "," 67,836 "," 71,930 ",,,,," 530,374 ","48,157","60,044","61,118","60,378","53,034","60,270","61,239","62,191","56,290","53,641","52,335","59,051","466,431",+ 31.02,+ 19.92,+ 4.23,+ 8.80,+ 6.10,+ 15.89,+ 10.77,+ 15.66,- 100.00,- 100.00,- 100.00,- 100.00,+ 13.71,,Taiwan," 2,844.26 "," 3,299.21 "," 2,937.84 "," 2,900.49 "," 2,533.29 "," 3,041.24 "," 2,982.80 "," 3,148.04 ",,,,," 23,687.17 "," 2,197.79 "," 2,740.29 "," 2,789.30 "," 2,628.45 "," 2,308.74 "," 2,623.75 "," 2,863.47 "," 2,907.99 "," 2,632.07 "," 2,506.23 "," 2,445.20 "," 2,758.99 "," 21,059.78 ",+ 29.41,+ 20.40,+ 5.33,+ 10.35,+ 9.73,+ 15.91,+ 4.17,+ 8.25,- 100.00,- 100.00,- 100.00,- 100.00,+ 12.48
Others," 8,883 "," 7,850 "," 7,825 "," 8,291 "," 7,649 "," 8,599 "," 11,620 "," 14,834 ",,,,," 75,551 ","7,144","6,148","7,098","5,134","5,653","7,049","8,959","11,359","6,453","5,518","6,749","10,936","58,544",+ 24.34,+ 27.68,+ 10.24,+ 61.49,+ 35.31,+ 21.99,+ 29.70,+ 30.59,- 100.00,- 100.00,- 100.00,- 100.00,+ 29.05,,Others, 427.53 , 377.36 , 379.19 , 393.89 , 363.72 , 411.09 , 541.72 , 688.56 ,,,,," 3,583.06 ", 357.02 , 307.25 , 354.73 , 242.50 , 267.01 , 332.95 , 432.42 , 548.25 , 311.46 , 291.30 , 356.30 , 577.34 ," 2,842.13 ",+ 19.75,+ 22.82,+ 6.90,+ 62.43,+ 36.22,+ 23.47,+ 25.28,+ 25.59,- 100.00,- 100.00,- 100.00,- 100.00,+ 26.07
Europe," 886,324 "," 833,932 "," 719,535 "," 516,369 "," 284,395 "," 297,379 "," 439,204 "," 418,356 ",,,,," 4,395,494 ","898,351","828,433","766,505","507,919","303,105","295,289","447,198","433,389","305,808","458,853","668,698","846,783","4,480,189",- 1.34,+ 0.66,- 6.13,+ 1.66,- 6.17,+ 0.71,- 1.79,- 3.47,- 100.00,- 100.00,- 100.00,- 100.00,- 1.89,,Europe," 63,646.31 "," 58,698.14 "," 50,558.33 "," 32,933.31 "," 18,135.43 "," 18,925.47 "," 31,583.67 "," 29,262.68 ",,,,," 303,743.34 "," 63,683.33 "," 58,501.79 "," 54,144.04 "," 31,931.61 "," 19,091.73 "," 18,928.12 "," 32,450.12 "," 30,659.47 "," 22,111.17 "," 32,500.58 "," 47,607.67 "," 61,384.18 "," 309,390.21 ",- 0.06,+ 0.34,- 6.62,+ 3.14,- 5.01,- 0.01,- 2.67,- 4.56,- 100.00,- 100.00,- 100.00,- 100.00,- 1.83
Austria," 15,855 "," 16,149 "," 10,708 "," 7,718 "," 4,082 "," 4,226 "," 8,144 "," 7,093 ",,,,," 73,975 ","16,727","16,369","12,273","7,851","4,539","3,974","9,028","7,639","5,049","7,175","10,777","15,255","78,400",- 5.21,- 1.34,- 12.75,- 1.69,- 10.07,+ 6.34,- 9.79,- 7.15,- 100.00,- 100.00,- 100.00,- 100.00,- 5.64,,Austria," 1,255.72 "," 1,256.60 ", 840.11 , 586.98 , 312.49 , 313.36 , 546.90 , 475.30 ,,,,," 5,587.46 "," 1,284.61 "," 1,257.12 ", 942.55 , 583.25 , 337.21 , 295.23 , 650.93 , 550.79 , 364.04 , 545.43 , 819.24 ," 1,159.66 "," 5,901.69 ",- 2.25,- 0.04,- 10.87,+ 0.64,- 7.33,+ 6.14,- 15.98,- 13.71,- 100.00,- 100.00,- 100.00,- 100.00,- 5.32
Belgium," 10,694 "," 10,198 "," 10,132 "," 10,880 "," 4,983 "," 7,041 "," 14,701 "," 8,311 ",,,,," 76,940 ","11,328","10,305","10,124","9,650","4,884","6,213","14,620","9,001","6,415","7,797","11,273","12,660","76,125",- 5.60,- 1.04,+ 0.08,+ 12.75,+ 2.03,+ 13.33,+ 0.55,- 7.67,- 100.00,- 100.00,- 100.00,- 100.00,+ 1.07,,Belgium, 710.84 , 666.00 , 667.16 , 657.00 , 302.87 , 414.21 , 957.57 , 540.19 ,,,,," 4,915.84 ", 749.68 , 681.98 , 670.00 , 588.14 , 297.66 , 378.67 ," 1,004.60 ", 618.50 , 440.81 , 518.18 , 749.20 , 841.39 ," 4,989.23 ",- 5.18,- 2.34,- 0.42,+ 11.71,+ 1.75,+ 9.39,- 4.68,- 12.66,- 100.00,- 100.00,- 100.00,- 100.00,- 1.47
Denmark," 29,848 "," 30,682 "," 17,431 "," 9,850 "," 4,719 "," 6,049 "," 12,865 "," 5,077 ",,,,," 116,521 ","30,211","30,175","21,627","8,226","5,546","6,092","14,219","5,451","5,480","9,488","13,276","19,582","121,547",- 1.20,+ 1.68,- 19.40,+ 19.74,- 14.91,- 0.71,- 9.52,- 6.86,- 100.00,- 100.00,- 100.00,- 100.00,- 4.14,,Denmark," 2,744.77 "," 2,772.08 "," 1,588.41 ", 852.12 , 410.83 , 510.36 ," 1,060.58 ", 417.82 ,,,,," 10,356.97 "," 2,674.22 "," 2,671.02 "," 1,914.37 ", 682.90 , 460.41 , 505.74 ," 1,224.14 ", 469.28 , 471.78 , 899.25 ," 1,258.26 "," 1,855.93 "," 10,602.08 ",+ 2.64,+ 3.78,- 17.03,+ 24.78,- 10.77,+ 0.91,- 13.36,- 10.97,- 100.00,- 100.00,- 100.00,- 100.00,- 2.31
Finland," 24,640 "," 22,211 "," 15,866 "," 4,577 "," 3,082 "," 4,098 "," 2,998 "," 2,392 ",,,,," 79,864 ","28,832","24,259","19,144","6,984","3,580","4,714","3,264","2,260","3,333","6,187","13,577","24,827","93,037",- 14.54,- 8.44,- 17.12,- 34.46,- 13.91,- 13.07,- 8.15,+ 5.84,- 100.00,- 100.00,- 100.00,- 100.00,- 14.16,,Finland," 2,013.23 "," 1,782.99 "," 1,284.16 ", 390.76 , 264.85 , 341.15 , 242.62 , 193.15 ,,,,," 6,512.91 "," 2,308.93 "," 1,942.71 "," 1,533.09 ", 579.62 , 297.11 , 391.23 , 269.52 , 186.61 , 275.21 , 496.17 ," 1,088.80 "," 1,991.01 "," 7,508.82 ",- 12.81,- 8.22,- 16.24,- 32.58,- 10.86,- 12.80,- 9.98,+ 3.50,- 100.00,- 100.00,- 100.00,- 100.00,- 13.26
France," 87,508 "," 115,241 "," 80,556 "," 64,322 "," 35,207 "," 30,584 "," 57,449 "," 60,138 ",,,,," 531,005 ","89,688","108,110","78,373","66,529","38,347","29,785","59,197","61,083","29,162","52,067","65,151","72,064","531,112",- 2.43,+ 6.60,+ 2.79,- 3.32,- 8.19,+ 2.68,- 2.95,- 1.55,- 100.00,- 100.00,- 100.00,- 100.00,- 0.02,,France," 5,434.64 "," 7,065.94 "," 4,955.89 "," 3,636.36 "," 1,984.53 "," 1,693.82 "," 3,665.15 "," 3,828.46 ",,,,," 32,264.79 "," 5,549.87 "," 6,689.82 "," 4,849.70 "," 3,680.29 "," 2,121.30 "," 1,647.67 "," 3,823.70 "," 3,945.52 "," 1,883.66 "," 3,216.80 "," 4,025.16 "," 4,452.25 "," 32,307.87 ",- 2.08,+ 5.62,+ 2.19,- 1.19,- 6.45,+ 2.80,- 4.15,- 2.97,- 100.00,- 100.00,- 100.00,- 100.00,- 0.13
Germany," 97,002 "," 101,915 "," 103,476 "," 74,980 "," 36,741 "," 37,741 "," 52,191 "," 52,259 ",,,,," 556,305 ","97,969","103,746","115,581","66,352","45,615","34,600","53,161","56,715","51,271","66,826","94,052","100,635","573,739",- 0.99,- 1.76,- 10.47,+ 13.00,- 19.45,+ 9.08,- 1.82,- 7.86,- 100.00,- 100.00,- 100.00,- 100.00,- 3.04,,Germany," 5,924.88 "," 6,145.27 "," 6,260.94 "," 4,640.63 "," 2,310.34 "," 2,299.41 "," 3,568.44 "," 3,565.41 ",,,,," 34,715.32 "," 5,860.17 "," 6,205.73 "," 6,913.65 "," 4,001.90 "," 2,751.19 "," 2,086.84 "," 3,659.97 "," 3,904.65 "," 3,529.85 "," 4,124.26 "," 5,804.57 "," 6,210.85 "," 35,384.10 ",+ 1.10,- 0.97,- 9.44,+ 15.96,- 16.02,+ 10.19,- 2.50,- 8.69,- 100.00,- 100.00,- 100.00,- 100.00,- 1.89
Italy," 36,324 "," 29,391 "," 22,309 "," 17,782 "," 9,623 "," 11,036 "," 17,275 "," 40,785 ",,,,," 184,525 ","37,867","29,017","22,144","15,160","9,906","11,749","18,330","43,941","13,902","15,120","25,173","37,596","188,114",- 4.07,+ 1.29,+ 0.75,+ 17.30,- 2.86,- 6.07,- 5.76,- 7.18,- 100.00,- 100.00,- 100.00,- 100.00,- 1.91,,Italy," 2,202.63 "," 1,751.01 "," 1,340.08 ", 987.76 , 538.04 , 612.09 ," 1,076.74 "," 2,537.31 ",,,,," 11,045.66 "," 2,250.57 "," 1,724.58 "," 1,316.11 ", 869.29 , 568.02 , 673.70 ," 1,163.85 "," 2,790.75 ", 882.70 ," 1,000.86 "," 1,666.31 "," 2,488.64 "," 11,356.87 ",- 2.13,+ 1.53,+ 1.82,+ 13.63,- 5.28,- 9.15,- 7.48,- 9.08,- 100.00,- 100.00,- 100.00,- 100.00,- 2.74
Netherlands," 23,549 "," 19,330 "," 17,746 "," 17,366 "," 12,782 "," 11,948 "," 41,844 "," 23,203 ",,,,," 167,768 ","23,665","18,820","15,808","18,037","13,140","11,993","37,465","23,328","12,833","16,436","20,400","24,340","162,256",- 0.49,+ 2.71,+ 12.26,- 3.72,- 2.72,- 0.38,+ 11.69,- 0.54,- 100.00,- 100.00,- 100.00,- 100.00,+ 3.40,,Netherlands," 1,691.61 "," 1,364.23 "," 1,262.79 "," 1,025.21 ", 774.46 , 704.27 ," 3,181.68 "," 1,760.49 ",,,,," 11,764.74 "," 1,731.92 "," 1,377.34 "," 1,156.91 "," 1,086.79 ", 791.73 , 722.62 ," 2,930.07 "," 1,824.45 "," 1,003.65 "," 1,092.46 "," 1,355.94 "," 1,617.82 "," 11,621.83 ",- 2.33,- 0.95,+ 9.15,- 5.67,- 2.18,- 2.54,+ 8.59,- 3.51,- 100.00,- 100.00,- 100.00,- 100.00,+ 1.23
Norway," 18,726 "," 16,837 "," 10,944 "," 8,032 "," 3,689 "," 9,407 "," 13,390 "," 4,259 ",,,,," 85,284 ","18,173","15,858","13,832","5,927","4,343","9,607","13,838","4,666","4,896","7,417","11,212","19,072","86,244",+ 3.04,+ 6.17,- 20.88,+ 35.52,- 15.06,- 2.08,- 3.24,- 8.72,- 100.00,- 100.00,- 100.00,- 100.00,- 1.11,,Norway," 1,601.04 "," 1,416.92 ", 925.22 , 738.47 , 336.86 , 840.79 ," 1,127.87 ", 355.50 ,,,,," 7,342.67 "," 1,505.47 "," 1,313.69 "," 1,145.86 ", 532.80 , 390.41 , 863.62 ," 1,174.78 ", 396.12 , 415.64 , 684.59 ," 1,034.87 "," 1,760.35 "," 7,322.75 ",+ 6.35,+ 7.86,- 19.26,+ 38.60,- 13.72,- 2.64,- 3.99,- 10.25,- 100.00,- 100.00,- 100.00,- 100.00,+ 0.27
Russia," 229,518 "," 191,559 "," 194,471 "," 108,308 "," 55,738 "," 45,962 "," 46,737 "," 46,325 ",,,,," 918,618 ","226,649","195,171","197,022","126,396","57,089","48,488","49,720","50,050","49,661","101,217","166,245","205,081","950,585",+ 1.27,- 1.85,- 1.29,- 14.31,- 2.37,- 5.21,- 6.00,- 7.44,- 100.00,- 100.00,- 100.00,- 100.00,- 3.36,,Russia," 15,681.59 "," 12,971.43 "," 13,224.36 "," 6,661.29 "," 3,437.96 "," 2,834.95 "," 3,794.70 "," 3,768.36 ",,,,," 62,374.64 "," 15,796.78 "," 13,604.24 "," 13,733.19 "," 7,752.54 "," 3,507.03 "," 2,980.16 "," 3,898.41 "," 3,927.01 "," 3,896.59 "," 7,700.84 "," 12,641.94 "," 15,592.87 "," 65,199.36 ",- 0.73,- 4.65,- 3.71,- 14.08,- 1.97,- 4.87,- 2.66,- 4.04,- 100.00,- 100.00,- 100.00,- 100.00,- 4.33
Spain," 11,268 "," 10,919 "," 11,376 "," 11,728 "," 7,808 "," 11,349 "," 23,178 "," 37,201 ",,,,," 124,827 ","10,732","10,164","12,991","8,680","8,016","11,024","22,543","34,944","15,973","16,248","16,982","13,583","119,094",+ 4.99,+ 7.43,- 12.43,+ 35.12,- 2.59,+ 2.95,+ 2.82,+ 6.46,- 100.00,- 100.00,- 100.00,- 100.00,+ 4.81,,Spain, 777.89 , 740.59 , 777.97 , 663.75 , 444.79 , 632.02 ," 1,379.21 "," 2,208.89 ",,,,," 7,625.11 ", 727.79 , 689.27 , 880.98 , 492.46 , 454.79 , 625.45 ," 1,370.93 "," 2,125.08 ", 971.38 ," 1,012.30 "," 1,058.03 ", 846.26 ," 7,366.75 ",+ 6.88,+ 7.45,- 11.69,+ 34.78,- 2.20,+ 1.05,+ 0.60,+ 3.94,- 100.00,- 100.00,- 100.00,- 100.00,+ 3.51
Sweden," 53,190 "," 48,404 "," 30,904 "," 12,608 "," 6,169 "," 10,787 "," 11,049 "," 6,121 ",,,,," 179,232 ","59,543","50,608","40,178","12,546","6,578","11,899","11,707","6,478","7,143","15,767","26,326","63,176","199,537",- 10.67,- 4.36,- 23.08,+ 0.49,- 6.22,- 9.35,- 5.62,- 5.51,- 100.00,- 100.00,- 100.00,- 100.00,- 10.18,,Sweden," 4,997.82 "," 4,426.48 "," 2,823.32 "," 1,004.90 ", 480.53 , 846.88 , 918.84 , 507.31 ,,,,," 16,006.08 "," 5,403.72 "," 4,592.84 "," 3,646.28 ", 998.12 , 523.32 , 946.64 , 969.78 , 536.62 , 591.70 ," 1,398.07 "," 2,334.35 "," 5,601.87 "," 17,617.32 ",- 7.51,- 3.62,- 22.57,+ 0.68,- 8.18,- 10.54,- 5.25,- 5.46,- 100.00,- 100.00,- 100.00,- 100.00,- 9.15
Switzerland," 22,484 "," 22,275 "," 17,102 "," 19,825 "," 8,459 "," 7,922 "," 15,682 "," 8,235 ",,,,," 121,984 ","24,847","24,241","20,660","18,967","9,332","8,005","18,896","9,192","9,754","15,022","20,538","28,017","134,140",- 9.51,- 8.11,- 17.22,+ 4.52,- 9.35,- 1.04,- 17.01,- 10.41,- 100.00,- 100.00,- 100.00,- 100.00,- 9.06,,Switzerland," 1,770.57 "," 1,710.51 "," 1,335.88 "," 1,420.62 ", 608.13 , 562.03 ," 1,203.13 ", 630.40 ,,,,," 9,241.27 "," 1,929.94 "," 1,882.87 "," 1,604.72 "," 1,324.66 ", 651.75 , 559.07 ," 1,439.99 ", 700.48 , 743.30 ," 1,151.34 "," 1,574.10 "," 2,147.32 "," 10,093.48 ",- 8.26,- 9.15,- 16.75,+ 7.24,- 6.69,+ 0.53,- 16.45,- 10.00,- 100.00,- 100.00,- 100.00,- 100.00,- 8.44
United  Kingdom," 97,241 "," 92,111 "," 91,686 "," 97,362 "," 61,653 "," 64,701 "," 79,872 "," 77,167 ",,,,," 661,793 ","93,464","88,843","101,460","86,529","61,732","65,075","79,779","77,921","58,836","74,084","89,163","109,968","654,803",+ 4.04,+ 3.68,- 9.63,+ 12.52,- 0.13,- 0.57,+ 0.12,- 0.97,- 100.00,- 100.00,- 100.00,- 100.00,+ 1.07,,United  Kingdom," 8,470.57 "," 7,758.70 "," 7,739.00 "," 6,742.36 "," 4,244.71 "," 4,395.91 "," 6,145.51 "," 5,908.66 ",,,,," 51,405.42 "," 7,698.06 "," 7,317.44 "," 8,356.65 "," 5,908.49 "," 4,215.26 "," 4,443.55 "," 6,090.59 "," 5,948.75 "," 4,491.74 "," 5,427.73 "," 6,532.49 "," 8,056.76 "," 49,978.79 ",+ 10.04,+ 6.03,- 7.39,+ 14.11,+ 0.70,- 1.07,+ 0.90,- 0.67,- 100.00,- 100.00,- 100.00,- 100.00,+ 2.85
East  Europe," 100,797 "," 83,312 "," 64,346 "," 30,045 "," 16,956 "," 17,438 "," 21,101 "," 19,103 ",,,,," 353,098 ","96,993","78,231","60,166","31,148","17,082","16,313","20,586","18,438","17,831","31,232","61,421","73,349","338,957",+ 3.92,+ 6.49,+ 6.95,- 3.54,- 0.74,+ 6.90,+ 2.50,+ 3.61,- 100.00,- 100.00,- 100.00,- 100.00,+ 4.17,,East  Europe," 6,336.92 "," 5,182.15 "," 4,043.87 "," 1,822.34 "," 1,012.11 "," 1,032.01 "," 1,342.54 "," 1,198.88 ",,,,," 21,970.82 "," 5,980.44 "," 4,823.60 "," 3,709.74 "," 1,828.56 "," 1,002.80 ", 957.66 ," 1,359.40 "," 1,217.55 "," 1,177.47 "," 2,053.49 "," 4,038.40 "," 4,822.66 "," 20,879.75 ",+ 5.96,+ 7.43,+ 9.01,- 0.34,+ 0.93,+ 7.76,- 1.24,- 1.53,- 100.00,- 100.00,- 100.00,- 100.00,+ 5.23
Others," 27,680 "," 23,398 "," 20,482 "," 20,986 "," 12,704 "," 17,090 "," 20,728 "," 20,687 ",,,,," 163,755 ","31,663","24,516","25,122","18,937","13,376","15,758","20,845","22,282","14,269","16,770","23,132","27,578","172,499",- 12.58,- 4.56,- 18.47,+ 10.82,- 5.02,+ 8.45,- 0.56,- 7.16,- 100.00,- 100.00,- 100.00,- 100.00,- 5.07,,Others," 2,031.59 "," 1,687.24 "," 1,489.17 "," 1,102.76 ", 671.93 , 892.21 ," 1,372.19 "," 1,366.55 ",,,,," 10,613.64 "," 2,231.16 "," 1,727.54 "," 1,770.24 "," 1,021.80 ", 721.74 , 850.27 ," 1,419.46 "," 1,517.31 ", 971.65 ," 1,178.81 "," 1,626.01 "," 1,938.54 "," 11,259.52 ",- 8.94,- 2.33,- 15.88,+ 7.92,- 6.90,+ 4.93,- 3.33,- 9.94,- 100.00,- 100.00,- 100.00,- 100.00,- 5.74
The  Americas," 172,002 "," 144,128 "," 156,457 "," 135,253 "," 115,548 "," 121,900 "," 121,334 "," 99,131 ",,,,," 1,065,753 ","167,713","141,773","159,149","128,973","115,719","116,824","116,897","96,661","90,456","117,085","165,616","182,357","1,043,709",+ 2.56,+ 1.66,- 1.69,+ 4.87,- 0.15,+ 4.34,+ 3.80,+ 2.56,- 100.00,- 100.00,- 100.00,- 100.00,+ 2.11,,The  Americas," 11,964.81 "," 10,234.79 "," 11,209.73 "," 9,272.29 "," 7,910.94 "," 8,297.16 "," 8,920.82 "," 7,254.17 ",,,,," 75,064.71 "," 11,893.85 "," 10,065.32 "," 11,268.74 "," 8,634.37 "," 7,761.26 "," 7,896.15 "," 8,806.00 "," 7,289.52 "," 6,815.20 "," 8,804.09 "," 12,442.99 "," 13,699.66 "," 73,615.21 ",+ 0.60,+ 1.68,- 0.52,+ 7.39,+ 1.93,+ 5.08,+ 1.30,- 0.48,- 100.00,- 100.00,- 100.00,- 100.00,+ 1.97
Argentina," 5,022 "," 3,526 "," 3,197 "," 2,536 "," 1,912 "," 1,264 "," 1,298 "," 1,367 ",,,,," 20,122 ","8,885","7,540","7,486","4,640","2,928","1,468","1,333","1,267","1,264","2,088","2,457","2,668","35,547",- 43.48,- 53.24,- 57.29,- 45.34,- 34.70,- 13.90,- 2.63,+ 7.89,- 100.00,- 100.00,- 100.00,- 100.00,- 43.39,,Argentina, 344.85 , 241.83 , 221.03 , 134.78 , 100.71 , 65.63 , 92.72 , 97.37 ,,,,," 1,298.92 ", 620.62 , 526.67 , 522.89 , 244.77 , 154.46 , 77.45 , 97.41 , 92.59 , 92.36 , 144.82 , 170.40 , 185.04 ," 2,336.86 ",- 44.43,- 54.08,- 57.73,- 44.94,- 34.80,- 15.26,- 4.81,+ 5.16,- 100.00,- 100.00,- 100.00,- 100.00,- 44.42
Brazil," 8,071 "," 6,669 "," 7,256 "," 5,642 "," 4,069 "," 3,191 "," 2,994 "," 3,359 ",,,,," 41,251 ","9,110","6,989","6,480","5,541","3,670","2,634","2,884","3,290","3,063","4,222","7,998","10,119","40,598",- 11.41,- 4.58,+ 11.98,+ 1.82,+ 10.87,+ 21.15,+ 3.81,+ 2.10,- 100.00,- 100.00,- 100.00,- 100.00,+ 1.61,,Brazil, 566.71 , 467.71 , 512.97 , 397.82 , 284.32 , 217.64 , 207.04 , 231.60 ,,,,," 2,885.81 ", 669.07 , 513.30 , 475.91 , 378.33 , 250.58 , 179.85 , 213.85 , 243.95 , 227.12 , 295.96 , 560.66 , 709.33 ," 2,924.84 ",- 15.30,- 8.88,+ 7.79,+ 5.15,+ 13.46,+ 21.01,- 3.18,- 5.06,- 100.00,- 100.00,- 100.00,- 100.00,- 1.33
Canada," 33,628 "," 30,020 "," 28,904 "," 23,182 "," 19,890 "," 15,521 "," 17,276 "," 15,295 ",,,,," 183,716 ","32,202","28,959","29,447","22,809","21,087","16,395","17,450","15,475","13,981","19,660","27,312","31,317","183,824",+ 4.43,+ 3.66,- 1.84,+ 1.64,- 5.68,- 5.33,- 1.00,- 1.16,- 100.00,- 100.00,- 100.00,- 100.00,- 0.06,,Canada," 2,460.07 "," 2,208.61 "," 2,158.04 "," 1,512.94 "," 1,288.07 "," 1,003.72 "," 1,392.39 "," 1,219.41 ",,,,," 13,243.25 "," 2,476.20 "," 2,226.83 "," 2,264.36 "," 1,465.68 "," 1,355.03 "," 1,053.52 "," 1,442.49 "," 1,279.88 "," 1,155.72 "," 1,563.74 "," 2,172.37 "," 2,490.92 "," 13,563.99 ",- 0.65,- 0.82,- 4.70,+ 3.22,- 4.94,- 4.73,- 3.47,- 4.72,- 100.00,- 100.00,- 100.00,- 100.00,- 2.36
USA," 116,908 "," 96,064 "," 109,604 "," 94,254 "," 82,815 "," 95,581 "," 92,634 "," 73,574 ",,,,," 761,434 ","109,577","90,388","106,562","88,698","81,146","90,468","88,382","71,207","65,071","83,004","118,136","129,631","726,428",+ 6.69,+ 6.28,+ 2.85,+ 6.26,+ 2.06,+ 5.65,+ 4.81,+ 3.32,- 100.00,- 100.00,- 100.00,- 100.00,+ 4.82,,USA," 8,038.11 "," 6,796.94 "," 7,817.36 "," 6,674.80 "," 5,840.49 "," 6,644.49 "," 6,760.34 "," 5,349.41 ",,,,," 53,921.94 "," 7,574.81 "," 6,248.31 "," 7,366.39 "," 6,124.27 "," 5,602.83 "," 6,246.48 "," 6,562.01 "," 5,284.94 "," 4,833.37 "," 6,188.39 "," 8,807.67 "," 9,664.68 "," 51,010.04 ",+ 6.12,+ 8.78,+ 6.12,+ 8.99,+ 4.24,+ 6.37,+ 3.02,+ 1.22,- 100.00,- 100.00,- 100.00,- 100.00,+ 5.71
Others," 8,373 "," 7,849 "," 7,496 "," 9,639 "," 6,862 "," 6,343 "," 7,132 "," 5,536 ",,,,," 59,230 ","7,939","7,897","9,174","7,285","6,888","5,859","6,848","5,422","7,077","8,111","9,713","8,622","57,312",+ 5.47,- 0.61,- 18.29,+ 32.31,- 0.38,+ 8.26,+ 4.15,+ 2.10,- 100.00,- 100.00,- 100.00,- 100.00,+ 3.35,,Others, 555.07 , 519.70 , 500.33 , 551.95 , 397.35 , 365.68 , 468.33 , 356.38 ,,,,," 3,714.79 ", 553.15 , 550.21 , 639.19 , 421.32 , 398.36 , 338.85 , 490.24 , 388.16 , 506.63 , 611.18 , 731.89 , 649.69 ," 3,779.48 ",+ 0.35,- 5.55,- 21.72,+ 31.00,- 0.25,+ 7.92,- 4.47,- 8.19,- 100.00,- 100.00,- 100.00,- 100.00,- 1.71
South  Asia," 197,999 "," 151,442 "," 199,039 "," 197,553 "," 192,718 "," 227,442 "," 196,704 "," 209,711 ",,,,," 1,572,608 ","165,730","135,144","152,823","153,023","180,337","181,760","163,457","167,422","154,034","149,941","171,637","209,521","1,299,696",+ 19.47,+ 12.06,+ 30.24,+ 29.10,+ 6.87,+ 25.13,+ 20.34,+ 25.26,- 100.00,- 100.00,- 100.00,- 100.00,+ 21.00,,South  Asia," 8,550.04 "," 6,576.79 "," 8,671.34 "," 8,172.27 "," 7,831.07 "," 9,542.01 "," 9,290.67 "," 9,774.31 ",,,,," 68,408.50 "," 7,098.81 "," 5,768.27 "," 6,532.83 "," 6,258.52 "," 7,162.39 "," 7,360.23 "," 7,397.54 "," 7,562.40 "," 6,927.94 "," 7,575.05 "," 8,577.80 "," 10,530.02 "," 55,140.99 ",+ 20.44,+ 14.02,+ 32.73,+ 30.58,+ 9.34,+ 29.64,+ 25.59,+ 29.25,- 100.00,- 100.00,- 100.00,- 100.00,+ 24.06
Bangladesh," 10,284 "," 9,984 "," 12,237 "," 10,419 "," 5,682 "," 14,076 "," 9,824 "," 14,214 ",,,,," 86,720 ","12,966","10,670","11,674","10,367","8,144","11,795","10,004","12,784","8,475","10,486","9,111","13,098","88,404",- 20.68,- 6.43,+ 4.82,+ 0.50,- 30.23,+ 19.34,- 1.80,+ 11.19,- 100.00,- 100.00,- 100.00,- 100.00,- 1.90,,Bangladesh, 563.20 , 546.15 , 674.80 , 511.93 , 291.16 , 677.62 , 459.76 , 663.40 ,,,,," 4,388.02 ", 682.39 , 561.55 , 614.39 , 491.68 , 386.25 , 559.40 , 491.94 , 628.65 , 416.76 , 581.35 , 505.12 , 726.17 ," 4,416.25 ",- 17.47,- 2.74,+ 9.83,+ 4.12,- 24.62,+ 21.13,- 6.54,+ 5.53,- 100.00,- 100.00,- 100.00,- 100.00,- 0.64
India," 163,794 "," 123,272 "," 163,158 "," 163,938 "," 173,033 "," 191,590 "," 164,159 "," 172,276 ",,,,," 1,315,220 ","131,048","107,448","121,157","121,284","156,075","150,587","130,765","130,094","122,933","117,448","141,388","168,119","1,048,458",+ 24.99,+ 14.73,+ 34.67,+ 35.17,+ 10.87,+ 27.23,+ 25.54,+ 32.42,- 100.00,- 100.00,- 100.00,- 100.00,+ 25.44,,India," 6,707.29 "," 5,096.48 "," 6,753.44 "," 6,330.03 "," 6,725.50 "," 7,598.06 "," 7,752.36 "," 8,035.56 ",,,,," 54,998.72 "," 5,247.66 "," 4,302.78 "," 4,851.73 "," 4,561.04 "," 5,869.35 "," 5,662.97 "," 5,731.38 "," 5,701.98 "," 5,379.04 "," 5,629.76 "," 6,777.28 "," 8,052.21 "," 41,928.89 ",+ 27.81,+ 18.45,+ 39.20,+ 38.78,+ 14.59,+ 34.17,+ 35.26,+ 40.93,- 100.00,- 100.00,- 100.00,- 100.00,+ 31.17
Nepal," 5,549 "," 3,485 "," 4,758 "," 4,572 "," 3,951 "," 4,786 "," 5,712 "," 5,825 ",,,,," 38,638 ","5,117","3,253","3,612","3,349","3,325","3,894","3,853","6,673","6,070","7,045","4,406","4,449","33,076",+ 8.44,+ 7.13,+ 31.73,+ 36.52,+ 18.83,+ 22.91,+ 48.25,- 12.71,- 100.00,- 100.00,- 100.00,- 100.00,+ 16.82,,Nepal, 276.12 , 170.51 , 236.77 , 254.25 , 225.66 , 274.58 , 275.69 , 278.17 ,,,,," 1,991.75 ", 264.76 , 168.31 , 186.89 , 181.45 , 180.15 , 210.98 , 186.62 , 323.21 , 294.00 , 456.23 , 285.34 , 288.12 ," 1,702.37 ",+ 4.29,+ 1.31,+ 26.69,+ 40.12,+ 25.26,+ 30.15,+ 47.73,- 13.94,- 100.00,- 100.00,- 100.00,- 100.00,+ 17.00
Pakistan," 7,830 "," 5,813 "," 7,470 "," 6,206 "," 2,665 "," 7,379 "," 7,042 "," 6,013 ",,,,," 50,418 ","6,907","5,759","7,022","7,329","4,397","7,272","9,843","7,131","6,742","6,757","6,593","9,229","55,660",+ 13.36,+ 0.94,+ 6.38,- 15.32,- 39.39,+ 1.47,- 28.46,- 15.68,- 100.00,- 100.00,- 100.00,- 100.00,- 9.42,,Pakistan, 472.89 , 342.72 , 447.62 , 407.24 , 171.63 , 456.23 , 333.28 , 282.69 ,,,,," 2,914.30 ", 421.98 , 351.84 , 429.01 , 474.92 , 284.93 , 471.22 , 531.91 , 385.36 , 364.34 , 438.48 , 427.84 , 598.90 ," 3,351.17 ",+ 12.06,- 2.59,+ 4.34,- 14.25,- 39.76,- 3.18,- 37.34,- 26.64,- 100.00,- 100.00,- 100.00,- 100.00,- 13.04
Sri  Lanka," 5,029 "," 5,601 "," 6,699 "," 8,328 "," 4,465 "," 4,512 "," 5,061 "," 6,809 ",,,,," 46,504 ","4,054","4,580","5,128","7,363","5,334","4,196","4,329","6,434","6,136","4,616","5,599","6,991","41,418",+ 24.05,+ 22.29,+ 30.64,+ 13.11,- 16.29,+ 7.53,+ 16.91,+ 5.83,- 100.00,- 100.00,- 100.00,- 100.00,+ 12.28,,Sri  Lanka, 205.42 , 227.32 , 278.63 , 376.21 , 200.09 , 196.15 , 190.25 , 254.78 ,,,,," 1,928.85 ", 173.23 , 195.71 , 219.14 , 325.20 , 235.59 , 185.32 , 181.92 , 270.39 , 257.86 , 217.99 , 264.41 , 330.15 ," 1,786.50 ",+ 18.58,+ 16.15,+ 27.15,+ 15.69,- 15.07,+ 5.84,+ 4.58,- 5.77,- 100.00,- 100.00,- 100.00,- 100.00,+ 7.97
Others," 5,513 "," 3,287 "," 4,717 "," 4,090 "," 2,922 "," 5,099 "," 4,906 "," 4,574 ",,,,," 35,108 ","5,638","3,434","4,230","3,331","3,062","4,016","4,663","4,306","3,678","3,589","4,540","7,635","32,680",- 2.22,- 4.28,+ 11.51,+ 22.79,- 4.57,+ 26.97,+ 5.21,+ 6.22,- 100.00,- 100.00,- 100.00,- 100.00,+ 7.43,,Others, 325.12 , 193.61 , 280.08 , 292.61 , 217.03 , 339.37 , 279.33 , 259.71 ,,,,," 2,186.86 ", 308.79 , 188.08 , 231.67 , 224.23 , 206.12 , 270.34 , 273.77 , 252.81 , 215.94 , 251.24 , 317.81 , 534.47 ," 1,955.81 ",+ 5.29,+ 2.94,+ 20.90,+ 30.50,+ 5.29,+ 25.53,+ 2.03,+ 2.73,- 100.00,- 100.00,- 100.00,- 100.00,+ 11.81
Oceania," 80,041 "," 58,211 "," 63,089 "," 85,932 "," 68,638 "," 75,978 "," 85,963 "," 69,034 ",,,,," 586,886 ","81,227","58,204","73,232","83,339","66,665","76,498","92,429","71,981","79,620","82,361","72,582","83,839","603,575",- 1.46,+ 0.01,- 13.85,+ 3.11,+ 2.96,- 0.68,- 7.00,- 4.09,- 100.00,- 100.00,- 100.00,- 100.00,- 2.77,,Oceania," 6,292.80 "," 4,503.34 "," 4,876.84 "," 5,755.33 "," 4,566.79 "," 4,957.38 "," 6,586.19 "," 5,222.95 ",,,,," 42,761.62 "," 6,321.07 "," 4,529.71 "," 5,698.33 "," 5,512.67 "," 4,393.46 "," 5,040.72 "," 7,319.14 "," 5,699.15 "," 6,321.36 "," 5,873.05 "," 5,176.91 "," 5,979.08 "," 44,514.25 ",- 0.45,- 0.58,- 14.42,+ 4.40,+ 3.95,- 1.65,- 10.01,- 8.36,- 100.00,- 100.00,- 100.00,- 100.00,- 3.94
Australia," 70,799 "," 51,483 "," 55,492 "," 75,202 "," 59,366 "," 64,918 "," 73,069 "," 58,530 ",,,,," 508,859 ","71,628","51,372","64,567","73,324","57,396","65,752","78,553","61,103","69,565","71,599","63,404","72,940","523,695",- 1.16,+ 0.22,- 14.06,+ 2.56,+ 3.43,- 1.27,- 6.98,- 4.21,- 100.00,- 100.00,- 100.00,- 100.00,- 2.83,,Australia," 5,641.27 "," 4,029.70 "," 4,346.53 "," 5,152.84 "," 4,047.51 "," 4,351.29 "," 5,689.20 "," 4,500.31 ",,,,," 37,758.65 "," 5,668.79 "," 4,065.68 "," 5,109.97 "," 4,958.56 "," 3,881.43 "," 4,446.50 "," 6,323.65 "," 4,918.89 "," 5,600.10 "," 5,119.02 "," 4,533.12 "," 5,214.91 "," 39,373.47 ",- 0.49,- 0.88,- 14.94,+ 3.92,+ 4.28,- 2.14,- 10.03,- 8.51,- 100.00,- 100.00,- 100.00,- 100.00,- 4.10
New  Zealand," 8,921 "," 6,424 "," 7,214 "," 10,350 "," 8,918 "," 10,685 "," 12,536 "," 10,148 ",,,,," 75,196 ","9,361","6,594","8,309","9,735","8,918","10,407","13,560","10,461","9,705","10,467","8,743","10,466","77,345",- 4.70,- 2.58,- 13.18,+ 6.32,+ 0.00,+ 2.67,- 7.55,- 2.99,- 100.00,- 100.00,- 100.00,- 100.00,- 2.78,,New  Zealand, 630.57 , 453.81 , 505.13 , 583.93 , 501.99 , 588.91 , 873.37 , 699.23 ,,,,," 4,836.94 ", 636.84 , 448.59 , 565.27 , 541.00 , 495.60 , 578.35 , 973.06 , 750.67 , 696.42 , 732.21 , 611.61 , 732.14 ," 4,989.38 ",- 0.98,+ 1.16,- 10.64,+ 7.94,+ 1.29,+ 1.83,- 10.25,- 6.85,- 100.00,- 100.00,- 100.00,- 100.00,- 3.06
Others, 321 , 304 , 383 , 380 , 354 , 375 , 358 , 356 ,,,,," 2,831 ",238,238,356,280,351,339,316,417,350,295,435,433,"2,535",+ 34.87,+ 27.73,+ 7.58,+ 35.71,+ 0.85,+ 10.62,+ 13.29,- 14.63,- 100.00,- 100.00,- 100.00,- 100.00,+ 11.68,,Others, 20.96 , 19.83 , 25.18 , 18.56 , 17.29 , 17.18 , 23.62 , 23.41 ,,,,, 166.03 , 15.44 , 15.44 , 23.09 , 13.11 , 16.43 , 15.87 , 22.43 , 29.59 , 24.84 , 21.82 , 32.18 , 32.03 , 151.40 ,+ 35.75,+ 28.43,+ 9.05,+ 41.57,+ 5.23,+ 8.25,+ 5.31,- 20.89,- 100.00,- 100.00,- 100.00,- 100.00,+ 9.66
Middle  East," 58,490 "," 44,536 "," 56,340 "," 57,174 "," 20,386 "," 61,478 "," 98,610 "," 91,074 ",,,,," 488,088 ","67,734","46,400","72,469","50,712","26,764","54,185","113,781","103,162","60,472","39,634","48,110","56,075","535,207",- 13.65,- 4.02,- 22.26,+ 12.74,- 23.83,+ 13.46,- 13.33,- 11.72,- 100.00,- 100.00,- 100.00,- 100.00,- 8.80,,Middle  East," 4,707.69 "," 3,611.70 "," 4,402.15 "," 4,669.58 "," 1,722.76 "," 4,848.71 "," 7,823.73 "," 7,246.19 ",,,,," 39,032.51 "," 5,254.55 "," 3,602.96 "," 5,538.69 "," 3,948.66 "," 2,087.48 "," 4,181.13 "," 9,099.31 "," 8,307.92 "," 4,974.46 "," 3,374.51 "," 4,124.99 "," 4,807.37 "," 42,020.70 ",- 10.41,+ 0.24,- 20.52,+ 18.26,- 17.47,+ 15.97,- 14.02,- 12.78,- 100.00,- 100.00,- 100.00,- 100.00,- 7.11
Egypt," 2,007 "," 1,655 "," 1,998 "," 1,985 ", 620 ," 2,156 "," 2,247 "," 2,558 ",,,,," 15,226 ","2,226","1,567","1,826","2,093",945,"1,826","2,755","2,793","2,076","1,923","1,984","2,047","16,031",- 9.84,+ 5.62,+ 9.42,- 5.16,- 34.39,+ 18.07,- 18.44,- 8.41,- 100.00,- 100.00,- 100.00,- 100.00,- 5.02,,Egypt, 179.02 , 142.69 , 174.29 , 159.95 , 52.80 , 165.86 , 168.84 , 191.82 ,,,,," 1,235.27 ", 188.32 , 132.57 , 154.48 , 158.42 , 71.53 , 138.22 , 210.35 , 213.24 , 158.50 , 156.80 , 161.78 , 166.91 ," 1,267.13 ",- 4.94,+ 7.63,+ 12.82,+ 0.97,- 26.18,+ 20.00,- 19.73,- 10.05,- 100.00,- 100.00,- 100.00,- 100.00,- 2.51
Israel," 18,314 "," 17,359 "," 13,633 "," 20,656 "," 8,366 "," 8,615 "," 18,706 "," 19,191 ",,,,," 124,840 ","17,711","14,813","21,026","11,884","7,110","7,780","18,951","20,032","25,423","10,010","15,914","18,134","119,307",+ 3.40,+ 17.19,- 35.16,+ 73.81,+ 17.67,+ 10.73,- 1.29,- 4.20,- 100.00,- 100.00,- 100.00,- 100.00,+ 4.64,,Israel," 1,612.63 "," 1,549.40 "," 1,223.84 "," 1,932.32 ", 788.46 , 801.12 ," 1,645.99 "," 1,694.37 ",,,,," 11,248.13 "," 1,600.67 "," 1,338.76 "," 1,900.27 "," 1,072.14 ", 641.44 , 701.89 ," 1,661.54 "," 1,756.31 "," 2,228.96 ", 930.89 ," 1,479.94 "," 1,686.38 "," 10,673.02 ",+ 0.75,+ 15.73,- 35.60,+ 80.23,+ 22.92,+ 14.14,- 0.94,- 3.53,- 100.00,- 100.00,- 100.00,- 100.00,+ 5.39
Kuwait," 7,963 "," 4,547 "," 4,628 "," 4,826 "," 2,133 "," 9,926 "," 12,786 "," 13,078 ",,,,," 59,887 ","8,555","4,067","4,640","4,827","2,374","7,222","12,150","13,225","4,400","4,229","4,285","4,691","57,060",- 6.92,+ 11.80,- 0.26,- 0.02,- 10.15,+ 37.44,+ 5.23,- 1.11,- 100.00,- 100.00,- 100.00,- 100.00,+ 4.95,,Kuwait, 820.11 , 466.96 , 478.96 , 463.36 , 211.34 , 925.34 ," 1,138.90 "," 1,162.05 ",,,,," 5,667.02 ", 832.03 , 395.54 , 451.27 , 447.74 , 220.20 , 669.89 ," 1,123.19 "," 1,222.57 ", 406.75 , 418.77 , 424.32 , 464.52 ," 5,362.43 ",- 1.43,+ 18.06,+ 6.14,+ 3.49,- 4.02,+ 38.13,+ 1.40,- 4.95,- 100.00,- 100.00,- 100.00,- 100.00,+ 5.68
Saudi  Arabia," 1,795 "," 1,446 "," 2,018 "," 1,737 ", 529 ," 5,612 "," 5,149 "," 4,104 ",,,,," 22,390 ","2,353","1,283","1,735","1,957",687,"4,295","5,217","3,977","1,750","1,444","1,380","2,259","21,504",- 23.71,+ 12.70,+ 16.31,- 11.24,- 23.00,+ 30.66,- 1.30,+ 3.19,- 100.00,- 100.00,- 100.00,- 100.00,+ 4.12,,Saudi  Arabia, 175.01 , 140.82 , 198.11 , 143.78 , 45.08 , 449.34 , 462.59 , 367.63 ,,,,," 1,982.36 ", 221.39 , 120.72 , 163.25 , 155.91 , 54.73 , 342.17 , 501.25 , 382.10 , 168.14 , 143.65 , 137.29 , 224.73 ," 1,941.52 ",- 20.95,+ 16.65,+ 21.35,- 7.78,- 17.63,+ 31.32,- 7.71,- 3.79,- 100.00,- 100.00,- 100.00,- 100.00,+ 2.10
U.A.E.," 7,965 "," 4,827 "," 10,253 "," 10,110 "," 1,728 "," 10,875 "," 25,072 "," 23,968 ",,,,," 94,798 ","6,637","4,651","11,778","8,303","3,346","8,174","26,417","24,911","8,656","6,831","7,457","11,109","94,217",+ 20.01,+ 3.78,- 12.95,+ 21.76,- 48.36,+ 33.04,- 5.09,- 3.79,- 100.00,- 100.00,- 100.00,- 100.00,+ 0.62,,U.A.E., 602.24 , 364.54 , 780.56 , 755.41 , 133.10 , 825.71 ," 1,809.71 "," 1,725.03 ",,,,," 6,996.30 ", 490.97 , 344.05 , 871.28 , 617.20 , 248.72 , 607.61 ," 1,972.45 "," 1,860.01 ", 646.31 , 532.60 , 581.40 , 866.14 ," 7,012.29 ",+ 22.66,+ 5.96,- 10.41,+ 22.39,- 46.49,+ 35.89,- 8.25,- 7.26,- 100.00,- 100.00,- 100.00,- 100.00,- 0.23
Others," 20,446 "," 14,702 "," 23,810 "," 17,860 "," 7,010 "," 24,294 "," 34,650 "," 28,175 ",,,,," 170,947 ","30,252","20,019","31,464","21,648","12,302","24,888","48,291","38,224","18,167","15,197","17,090","17,835","227,088",- 32.41,- 26.56,- 24.33,- 17.50,- 43.02,- 2.39,- 28.25,- 26.29,- 100.00,- 100.00,- 100.00,- 100.00,- 24.72,,Others," 1,318.68 ", 947.29 ," 1,546.39 "," 1,214.76 ", 491.98 ," 1,681.34 "," 2,597.70 "," 2,105.29 ",,,,," 11,903.43 "," 1,921.17 "," 1,271.32 "," 1,998.14 "," 1,497.25 ", 850.86 ," 1,721.35 "," 3,630.53 "," 2,873.69 "," 1,365.80 "," 1,191.80 "," 1,340.26 "," 1,398.69 "," 15,764.31 ",- 31.36,- 25.49,- 22.61,- 18.87,- 42.18,- 2.32,- 28.45,- 26.74,- 100.00,- 100.00,- 100.00,- 100.00,- 24.49
Africa," 12,831 "," 11,845 "," 16,579 "," 15,898 "," 12,822 "," 17,566 "," 15,640 "," 17,312 ",,,,," 120,493 ","13,679","10,713","16,265","18,670","13,203","15,719","18,100","17,497","17,711","17,035","15,932","26,956","123,846",- 6.20,+ 10.57,+ 1.93,- 14.85,- 2.89,+ 11.75,- 13.59,- 1.06,- 100.00,- 100.00,- 100.00,- 100.00,- 2.71,,Africa, 956.90 , 881.08 ," 1,228.90 "," 1,140.38 ", 918.57 ," 1,241.32 "," 1,119.14 "," 1,241.40 ",,,,," 8,727.69 "," 1,020.48 ", 800.91 ," 1,210.95 "," 1,325.52 ", 942.41 ," 1,110.11 "," 1,293.68 "," 1,278.04 "," 1,249.12 "," 1,193.37 "," 1,131.94 "," 1,871.31 "," 8,982.10 ",- 6.23,+ 10.01,+ 1.48,- 13.97,- 2.53,+ 11.82,- 13.49,- 2.87,- 100.00,- 100.00,- 100.00,- 100.00,- 2.83
S.Africa," 5,442 "," 4,427 "," 7,718 "," 7,946 "," 6,782 "," 9,833 "," 6,139 "," 6,192 ",,,,," 54,479 ","6,128","4,296","8,017","10,686","7,121","9,509","8,871","6,746","9,794","8,918","6,397","16,204","61,374",- 11.19,+ 3.05,- 3.73,- 25.64,- 4.76,+ 3.41,- 30.80,- 8.21,- 100.00,- 100.00,- 100.00,- 100.00,- 11.23,,S.Africa, 397.02 , 319.66 , 552.89 , 507.65 , 432.91 , 598.74 , 362.80 , 359.66 ,,,,," 3,531.33 ", 445.79 , 312.52 , 583.21 , 706.01 , 470.48 , 628.24 , 566.13 , 430.51 , 625.02 , 590.10 , 423.29 ," 1,072.21 "," 4,142.89 ",- 10.94,+ 2.28,- 5.20,- 28.10,- 7.99,- 4.70,- 35.92,- 16.46,- 100.00,- 100.00,- 100.00,- 100.00,- 14.76
Others," 7,389 "," 7,418 "," 8,861 "," 7,952 "," 6,040 "," 7,733 "," 9,501 "," 11,120 ",,,,," 66,014 ","7,551","6,417","8,248","7,984","6,082","6,210","9,229","10,751","7,917","8,117","9,535","10,752","62,472",- 2.15,+ 15.60,+ 7.43,- 0.40,- 0.69,+ 24.52,+ 2.95,+ 3.43,- 100.00,- 100.00,- 100.00,- 100.00,+ 5.67,,Others, 559.88 , 561.42 , 676.01 , 632.73 , 485.66 , 642.58 , 756.34 , 881.74 ,,,,," 5,196.36 ", 574.69 , 488.39 , 627.74 , 619.51 , 471.93 , 481.87 , 727.55 , 847.53 , 624.10 , 603.27 , 708.65 , 799.10 ," 4,839.21 ",- 2.58,+ 14.95,+ 7.69,+ 2.13,+ 2.91,+ 33.35,+ 3.96,+ 4.04,- 100.00,- 100.00,- 100.00,- 100.00,+ 7.38
Grand  Total," 3,718,504 "," 3,603,654 "," 3,473,088 "," 3,195,006 "," 2,726,808 "," 3,052,287 "," 3,327,198 "," 3,466,456 ",,,,," 26,563,001 ","3,531,483","3,552,119","3,494,645","3,096,067","2,737,834","3,013,304","3,177,088","3,229,031","2,636,115","2,704,002","3,170,996","3,835,510","25,831,571",+ 5.30,+ 1.45,- 0.62,+ 3.20,- 0.40,+ 1.29,+ 4.72,+ 7.35,- 100.00,- 100.00,- 100.00,- 100.00,+ 2.83,,Grand  Total," 195,830.15 "," 184,857.37 "," 176,258.09 "," 146,283.02 "," 118,020.92 "," 131,322.51 "," 167,282.51 "," 169,771.51 ",,,,," 1,289,626.08 "," 184,513.52 "," 182,230.09 "," 177,544.49 "," 139,635.97 "," 118,279.28 "," 128,769.99 "," 162,234.73 "," 159,917.79 "," 128,410.52 "," 135,263.14 "," 162,068.97 "," 197,268.41 "," 1,253,125.86 ",+ 6.13,+ 1.44,- 0.72,+ 4.76,- 0.22,+ 1.98,+ 3.11,+ 6.16,- 100.00,- 100.00,- 100.00,- 100.00,+ 2.91
